Local_FID,FID,Title,Path
u4BskYnvEbSI7Q0F.txt,zIV7B6oFhhdhc5TQ9FwwmQ==,Ujwm86TP4GAMdRkwcG/nYH78rg1C4sE/Ysy3KEffBSQrNO5JuURJLbxmyZtN35in,D:\Fuzzy Keywords Search\Sever\u4BskYnvEbSI7Q0F.txt
T49tDqiFSUXofGb8.txt,SKWg68RsXoLzCOx8D2egLQ==,q1MmD0Q5RlfLtjbQvXF5RimpLl+a7j1NzGk2EPm+csVhHUhcoo4ViGvzhjgmaUfKxya9M/iPAtz1o2UQijcXog==,D:\Fuzzy Keywords Search\Sever\T49tDqiFSUXofGb8.txt
gomcsvky9MOehYD3.txt,Fv1kyE9qKyQQT8sYPpkAUw==,yAv7MRgcsXJtPxFXORfnZcrVB4gxvbhh8+mjcWI12FJ3///Vw77AkxbhgB6WnpPy9IZ9d+sY4CzhMScxlaLmxg==,D:\Fuzzy Keywords Search\Sever\gomcsvky9MOehYD3.txt
huM2R6sKo1UPGy7Q.txt,bNpudO7ifhBi0iuiYi/gxA==,YHoDdFRczM//Hop2TRvlY3rNPxJZdSTHRnkdOG7IHAWfrNe/awKGqBXRzZUnTAwf,D:\Fuzzy Keywords Search\Sever\huM2R6sKo1UPGy7Q.txt
DWRJb4KNxIVCiZp9.txt,XkD4Qhk+GCjy1K7IL2tQyw==,YHoDdFRczM//Hop2TRvlYwN8VM6pA0cbdldtWDNYeOsggN9qeK1A5aVExf0JRvxg,D:\Fuzzy Keywords Search\Sever\DWRJb4KNxIVCiZp9.txt
9ZprzswnktUaBFA7.txt,9d8mLKJPtYi7EjuA9jFTow==,bnOjSws1LYnBVRLKF3Ppxp24LJrLf01OUvBGleehuZU=,D:\Fuzzy Keywords Search\Sever\9ZprzswnktUaBFA7.txt
OJr95iXcSu0zIpk4.txt,R7RqfeIlQp8pfnBS6/d5oQ==,z7JIxxjIVqAqYDAUO9NP7YLeL70MlO+9s34JKV1mQ48ggN9qeK1A5aVExf0JRvxg,D:\Fuzzy Keywords Search\Sever\OJr95iXcSu0zIpk4.txt
a4Nz9lOVdLbQhMgf.txt,JaqXXn4pFlWXYcAD0ML7Ag==,5G0/hFertaYIWVh8G5guuqhlMWtuig1jXyjz8xnwarwI6s2CGmDMliRc1fDrnDmK,D:\Fuzzy Keywords Search\Sever\a4Nz9lOVdLbQhMgf.txt
Lviu36ClBVXS75FN.txt,il0NpTdf2s4zso8+9dyXpQ==,bcAfYENlUreWzUEe1YI73thl/+JVLSIp7CPRVkdD59U=,D:\Fuzzy Keywords Search\Sever\Lviu36ClBVXS75FN.txt
5vmyu4glTFPjJ1Z3.txt,6+hfc/zSblxjKWGay1AVNw==,ns82+RfzMeVsjaPOlJwlB4Z2tR7u38oLQjSvQ3/Pu+efrNe/awKGqBXRzZUnTAwf,D:\Fuzzy Keywords Search\Sever\5vmyu4glTFPjJ1Z3.txt
vt9p5MTQ8WwA6g1E.txt,UjLJZietBjwaLqw1j1a2pw==,EfyttJT21tHQyjrkYwt5iirBiZe7Y3Js6B7YAKjtpSsggN9qeK1A5aVExf0JRvxg,D:\Fuzzy Keywords Search\Sever\vt9p5MTQ8WwA6g1E.txt
n4lyh2xpJEHeOfYZ.txt,yB7jX45Qn11PRmtlU8Avvw==,kKlt5wPVNmPmDC0b99/HYd7ssM8xBgqtwUwu/O+ARtwggN9qeK1A5aVExf0JRvxg,D:\Fuzzy Keywords Search\Sever\n4lyh2xpJEHeOfYZ.txt
KbO6HoaURYw8sh0x.txt,Yv4UmLr1X9/P04jdd3o/mg==,70Qx3l3vh6q/qeX2iX0UMhZVEpCzKd050LPCtsjGQs4=,D:\Fuzzy Keywords Search\Sever\KbO6HoaURYw8sh0x.txt
8ckBMNpPawHqdXWO.txt,ZN6zmD8Rqv8h32BV8AvbWw==,9RgnYGwXrtMwBNLiOdKIhBZVEpCzKd050LPCtsjGQs4=,D:\Fuzzy Keywords Search\Sever\8ckBMNpPawHqdXWO.txt
6eLPy9sXO3KBEkxQ.txt,n9K4Kc9SxzQb5LNcZ8qQ0Q==,aFrzHNgjaX7YTeh87tO1QWh3+HPmGxl+dMlPvWerlwk=,D:\Fuzzy Keywords Search\Sever\6eLPy9sXO3KBEkxQ.txt
G6uNYXnB9QxA8WPj.txt,evnrDbvOFHuRDGBo4PoLDQ==,UJJp+YZMa+djbw18MjYB/C7+6qOGAzFfxyd8B/xjfb4=,D:\Fuzzy Keywords Search\Sever\G6uNYXnB9QxA8WPj.txt
O3Euj7IManrADsb1.txt,GYBgQ0a8YeCIYHZnMasvRw==,eB2HQgM/W/DjDqd1qQ/KTTi87kk8VEu3VfuNMvL83D0=,D:\Fuzzy Keywords Search\Sever\O3Euj7IManrADsb1.txt
JekdSa7MCDIGB1EH.txt,g3bgliEf7A2EvkpEstSpZQ==,3fYqBlPuGfBBsiV5k9cj4XGqfUvd4Uu8hKr3iZYEzgapPZCclQ6MKQGiVsO1CxH7,D:\Fuzzy Keywords Search\Sever\JekdSa7MCDIGB1EH.txt
zP5dmWKlCJqRejGb.txt,47TJUUeQ69nHJB/kXI0sNw==,uez7bE1VkRZFn9AXut1gZrFeA/f7A9qhFytD/iZ5Nc4HBIAy/YyuAZWFptkAlX4u,D:\Fuzzy Keywords Search\Sever\zP5dmWKlCJqRejGb.txt
cLt0NqdzT8vOsfY1.txt,lavoWtN+ldz6bkGG+lydyQ==,uez7bE1VkRZFn9AXut1gZqjbydi5m1XpYNNcHAaVBpsHBIAy/YyuAZWFptkAlX4u,D:\Fuzzy Keywords Search\Sever\cLt0NqdzT8vOsfY1.txt
FI6OxV5SasYD7kiR.txt,19xzz0wyeioV9e0pMuKIVQ==,uez7bE1VkRZFn9AXut1gZqjbydi5m1XpYNNcHAaVBps9Y1+YK+RQrcD3PkCFKPvb,D:\Fuzzy Keywords Search\Sever\FI6OxV5SasYD7kiR.txt
A9SkDLeBmsK8pwRJ.txt,oCG59CAi34DeaDTsjzoPdQ==,FQClKTj3g9EFzsbzjSRp0Sh3dBobqjLmFS5Tk51LN28=,D:\Fuzzy Keywords Search\Sever\A9SkDLeBmsK8pwRJ.txt
LK6jn1lU9de5BJNE.txt,YmV78KzwX9xCpu7aA5Fq4A==,SmCQxM5xRkqDhcL5RSGkXvlDSBMaTDU9A6WjQfW3yH4=,D:\Fuzzy Keywords Search\Sever\LK6jn1lU9de5BJNE.txt
6vTFHMSWmXKnIj3V.txt,rhC24OrKO6Tu81Jq+kJ2Vw==,sGzaEfN74W916P8dyTDfEWh3+HPmGxl+dMlPvWerlwk=,D:\Fuzzy Keywords Search\Sever\6vTFHMSWmXKnIj3V.txt
i8ODn6sMKrhV1AJ5.txt,EOBaHN2EKAX+6dIz30gZEg==,DF4ExvAD82hu5DHYWUW5NHuIybO6vVk5cbKfp0oL/qRvw8A8YJ+hbOQkYu9lvu5Y,D:\Fuzzy Keywords Search\Sever\i8ODn6sMKrhV1AJ5.txt
wHBS7le8NfC4AauY.txt,BvxODeuZM3TZoAT6O7wLjQ==,62Nd6jMgzd0KHPMAsq/WV2h3+HPmGxl+dMlPvWerlwk=,D:\Fuzzy Keywords Search\Sever\wHBS7le8NfC4AauY.txt
i3LjuYHNzCkc0l5q.txt,8GOBz1l467Sfsy5OjpxYcQ==,1VF58iNIjNSDbXyiC4R4YABRhYI9ePz9uam2f9QToampPZCclQ6MKQGiVsO1CxH7,D:\Fuzzy Keywords Search\Sever\i3LjuYHNzCkc0l5q.txt
jhFcDvabnieOWgd5.txt,XegtjgntDnkTNVerinW8yg==,P1gk2y8sIZwLk2AgWYeYmtJeOCOhsnk+/fhW+QH6Xn8=,D:\Fuzzy Keywords Search\Sever\jhFcDvabnieOWgd5.txt
JNXhEuntDvzd3RZw.txt,0XAopwJmvyBGrEO+X8A9zg==,1C+0SO8Z/pit/ab55cWcy6Crj7aM1+Dc3NfP4Cm9FYw=,D:\Fuzzy Keywords Search\Sever\JNXhEuntDvzd3RZw.txt
ceK1jFIrbit7mf28.txt,lW1H4q1rTapNmGv0Sk6Opw==,QHm9w3O9B0suWsAM+/lrX2h3+HPmGxl+dMlPvWerlwk=,D:\Fuzzy Keywords Search\Sever\ceK1jFIrbit7mf28.txt
j75R4iVfB9nzEwFk.txt,y/U2REtvvGoeIRzAqM82EA==,fpXIdjOD64QeSgupvOL27hZVEpCzKd050LPCtsjGQs4=,D:\Fuzzy Keywords Search\Sever\j75R4iVfB9nzEwFk.txt
3UDtAXIGy4PKEqfh.txt,x69jrrx/L3P88R0Sh5wQAA==,JYQuvImziB27QAlry4PWtG5+UTKYEI4ptBPFZH9hhRI=,D:\Fuzzy Keywords Search\Sever\3UDtAXIGy4PKEqfh.txt
ln8JXRbF0gU4jrkN.txt,eJuKRsUeguUZPPDOmf8qmw==,jCAteMqQArXvZ7sh/VFt5tSGjIzOVFvMO763vvrMIdazTProabWPNoNNKOM9xHCC,D:\Fuzzy Keywords Search\Sever\ln8JXRbF0gU4jrkN.txt
TZ1XpOwzkErDWIiU.txt,YbDYXoh5M5cq8262i5pYBA==,E89umaeavyBUHKH09QCYcKj9oQRA/2OTpxx/29UW1vw=,D:\Fuzzy Keywords Search\Sever\TZ1XpOwzkErDWIiU.txt
j6DCvONIby3qxfM9.txt,NDbgzPwBhCoiMMyV8yGHuA==,Nu4sgX7wEnyJ5TJYIJqIZfSzHfVNM8N60POvsqcJSfk=,D:\Fuzzy Keywords Search\Sever\j6DCvONIby3qxfM9.txt
ujHetNxG2I9Q4oYm.txt,p9JgKhpivtgxITxwu3x6gw==,CqkCmeZoKfPU4B+deQkdLqj9oQRA/2OTpxx/29UW1vw=,D:\Fuzzy Keywords Search\Sever\ujHetNxG2I9Q4oYm.txt
xdslNhqivY7tK0Lm.txt,mSjCdl/bEdO9RIKgzInKig==,hmlLD6esM/m7LOmqeaQ+qRZVEpCzKd050LPCtsjGQs4=,D:\Fuzzy Keywords Search\Sever\xdslNhqivY7tK0Lm.txt
BAVeSgrhPcJ5pD1L.txt,1aZusb3gPmYR64Ekx7dGfw==,hmlLD6esM/m7LOmqeaQ+qaX8NixVta84xwiyJFKySec=,D:\Fuzzy Keywords Search\Sever\BAVeSgrhPcJ5pD1L.txt
vwoBpnRjaS9VGImJ.txt,PmjCwDqa+FYulREdKcMH6g==,nzDnmmHO494K97A1HEJXnGh3+HPmGxl+dMlPvWerlwk=,D:\Fuzzy Keywords Search\Sever\vwoBpnRjaS9VGImJ.txt
HjMaJPAL5CiZF3RK.txt,dG6BkUq63hzP4jOXeFl54Q==,aXGENKSx4WPJyQ+tm5BJ4hK2EQk0k2cGnl8FQIPkFBY=,D:\Fuzzy Keywords Search\Sever\HjMaJPAL5CiZF3RK.txt
7IdjP0GJK5mFZSkE.txt,y3FyTnUKcBVj90858JKBvg==,qYYyON+VW2MDCcdVUWunjS9tvL0b9G703uA9ptA6eco846Z7SNt37iIwNo0BGqcU,D:\Fuzzy Keywords Search\Sever\7IdjP0GJK5mFZSkE.txt
ROhfmd4s3N7XALQC.txt,TzluVeVTBoqxJ6wafXlc2A==,VaGJh/R8m1oyc2Ae1Jq5FVmi3Am82r/A81o9qUwlaIY=,D:\Fuzzy Keywords Search\Sever\ROhfmd4s3N7XALQC.txt
d0sEZM9W7t8TaHfg.txt,d+Wnv1smhYjqtI3ZecJmdg==,Kx6/l9F9DpAO306gEw//AFBFHqug7XIN4xb9y5LlYBA=,D:\Fuzzy Keywords Search\Sever\d0sEZM9W7t8TaHfg.txt
sgEMfVSakFPoXRN7.txt,J5vZOvCc0jyrP/IwfI5WzQ==,bDNl2R5Qz7ShE3Q/t+jVIxZVEpCzKd050LPCtsjGQs4=,D:\Fuzzy Keywords Search\Sever\sgEMfVSakFPoXRN7.txt
Amlv8hkBzioOG27Q.txt,YWtCutY1KtgxCicXSAMCrw==,bDNl2R5Qz7ShE3Q/t+jVI74SXimiFDJeb83nvsbm7RQ=,D:\Fuzzy Keywords Search\Sever\Amlv8hkBzioOG27Q.txt
D4PQeEN8Bfod60wI.txt,MGHqVP1r56umYgNbZH9egg==,hQDg9a0W4l5hzeZKujrKGGh3+HPmGxl+dMlPvWerlwk=,D:\Fuzzy Keywords Search\Sever\D4PQeEN8Bfod60wI.txt
Jhp2kOHaojKmEiZx.txt,+8DRzFX/Zz16/BmVvZ92Ag==,hQDg9a0W4l5hzeZKujrKGBtV5KMjyYJTqnTeTF30wzkggN9qeK1A5aVExf0JRvxg,D:\Fuzzy Keywords Search\Sever\Jhp2kOHaojKmEiZx.txt
4n5VrE1wZxa6iYJL.txt,+8T1OyvlGYf0TzB/Cu64zA==,CiLwfaw5mGb2Rj+Bc0ZSyKCrj7aM1+Dc3NfP4Cm9FYw=,D:\Fuzzy Keywords Search\Sever\4n5VrE1wZxa6iYJL.txt
kFSUlI7izRZgxDqC.txt,fX6P9AjAOQerCOlBvT37XQ==,ryk3IETFgTCbs9DAL1YO1tJeOCOhsnk+/fhW+QH6Xn8=,D:\Fuzzy Keywords Search\Sever\kFSUlI7izRZgxDqC.txt
IXJuD1PSfZV60gNF.txt,ZcQ6546z7bNmmyK4MylRtQ==,lxJDAD5yjVe+ZwzL5pppNC1VsK+/n2yumCIzy/Z0+jazTProabWPNoNNKOM9xHCC,D:\Fuzzy Keywords Search\Sever\IXJuD1PSfZV60gNF.txt
eZMEHNI59sfJQ7pu.txt,3yLSl6ot5eJo8L64fk0PfA==,cyPj8boT58G4ObBzwqr+XaX8NixVta84xwiyJFKySec=,D:\Fuzzy Keywords Search\Sever\eZMEHNI59sfJQ7pu.txt
e9hc57tu8YZXKEkT.txt,OZgYmAOCT2PwpXfI2ZD1GQ==,Z9YPUkyOCdMy0IwII7ArwJBERmt3dObML4Vo1eMAtwyfrNe/awKGqBXRzZUnTAwf,D:\Fuzzy Keywords Search\Sever\e9hc57tu8YZXKEkT.txt
GlLWiMtbdSTy9wJ5.txt,IfV88OuadJTLxor3SxkNWw==,YlJucgSHof8luWXkUXkDmbTZtxZeG9y7QZSyxhGvtxo=,D:\Fuzzy Keywords Search\Sever\GlLWiMtbdSTy9wJ5.txt
6i1Xv2C5HQmjGKI3.txt,2e2HyiyaYHhGCPtTme9eVw==,H7fK9sEh2Rr/TBHPqMy4wI3VHoWBE1xsyXYL6aHBmkI=,D:\Fuzzy Keywords Search\Sever\6i1Xv2C5HQmjGKI3.txt
5wku3FvoshliJ4gV.txt,97yQFtvKrBxHODgPkP6oLQ==,BNSvSJVBqhFwNzUbo6ODiBZVEpCzKd050LPCtsjGQs4=,D:\Fuzzy Keywords Search\Sever\5wku3FvoshliJ4gV.txt
TuoDtqAYbprX6CFJ.txt,zAgOeQLfdB2JUqR+hnWXig==,i0OYGSNNWgFlVJ54zeVnrxZVEpCzKd050LPCtsjGQs4=,D:\Fuzzy Keywords Search\Sever\TuoDtqAYbprX6CFJ.txt
j8wLuSyg6OnMFhEl.txt,9FWP7+vf6NhYcGdx8wPu/w==,i0OYGSNNWgFlVJ54zeVnr6X8NixVta84xwiyJFKySec=,D:\Fuzzy Keywords Search\Sever\j8wLuSyg6OnMFhEl.txt
N6vpswBZVle4gEum.txt,k2IcPiY+SL0MNDEIfYygAQ==,i0OYGSNNWgFlVJ54zeVnr7/LNpK5f4fW1Oq+VZql0JA=,D:\Fuzzy Keywords Search\Sever\N6vpswBZVle4gEum.txt
67oe9iasCh1wUrT8.txt,rp8/J+vnhrd5u4N2Vxiv7g==,Yzlovkl/F0tt2ozudKU7wXN1lpuZJ19yvzCmLHwTeis=,D:\Fuzzy Keywords Search\Sever\67oe9iasCh1wUrT8.txt
klWIGNEqYH7JibcB.txt,I5YhWopdUo58jRxb6H+/mw==,lvSlG6cL+RrW7Dhccb5FMKqj/XdyyrSksO1ln/w545imFfKBsfot/Qv2UAE9fLWP,D:\Fuzzy Keywords Search\Sever\klWIGNEqYH7JibcB.txt
Ok4a6UYyzFvim3s7.txt,9dExp6V1dfoyWF8Wmmz0bA==,BgQh5ceixFXJMnxJlVL6gZrekHWrVksUQCkYg6y195c=,D:\Fuzzy Keywords Search\Sever\Ok4a6UYyzFvim3s7.txt
xcYSaVoj73lIy2dG.txt,ndl7p3rPF/EuIGnkRg63ig==,X7rx5ziSWD6PWEpz1j7CK7f1jDDimvI4QogCFlVYvSazTProabWPNoNNKOM9xHCC,D:\Fuzzy Keywords Search\Sever\xcYSaVoj73lIy2dG.txt
uHqgahw7GKtvzDP3.txt,iMbNJHvPydgyo5mjl5QAgA==,fJ9+L14zNQtb92U3p2zoSRZVEpCzKd050LPCtsjGQs4=,D:\Fuzzy Keywords Search\Sever\uHqgahw7GKtvzDP3.txt
gaXqNktFZhAJQos5.txt,TzbRPFR66yvEFQlFI4vQKg==,0CyXtjMlVTH1BCCOWQEKQHwck8HlmhSS+elT7VuOZNg=,D:\Fuzzy Keywords Search\Sever\gaXqNktFZhAJQos5.txt
NpKBRTLn2fejJvEW.txt,P5QpmGWb1pDozUkUOzbs8A==,0CyXtjMlVTH1BCCOWQEKQLNnv1ZPb2/09vwT+YWprEX9RhS19GelLgaPSgD416W+,D:\Fuzzy Keywords Search\Sever\NpKBRTLn2fejJvEW.txt
z0cWR7f4xEkXguZK.txt,5FOn3ZKLBPIAycjxs4IORQ==,V6K5vuMAF6w+ZvQy4f0CezovXQ3xclNoK0A813sKpmezTProabWPNoNNKOM9xHCC,D:\Fuzzy Keywords Search\Sever\z0cWR7f4xEkXguZK.txt
74JfWNCs89xRT6wk.txt,lLcPDRHQ4TKnO6sPnOlZpA==,zsQE5uZ3B6Kd2LqvYjfvKaNoIgCMm8rdMR4JLI1ckEMggN9qeK1A5aVExf0JRvxg,D:\Fuzzy Keywords Search\Sever\74JfWNCs89xRT6wk.txt
qjHF5bDeivQMR0px.txt,PhYthZoB/j6EW3w15w114w==,zsQE5uZ3B6Kd2LqvYjfvKSDSbA8hkYOQvg0tML5c8JwggN9qeK1A5aVExf0JRvxg,D:\Fuzzy Keywords Search\Sever\qjHF5bDeivQMR0px.txt
2dh6gtkecuzQaUEs.txt,g8z+pE0ot7vSSpmIKa8GKQ==,Ely55lmtqSuXwcYth6VBs6Crj7aM1+Dc3NfP4Cm9FYw=,D:\Fuzzy Keywords Search\Sever\2dh6gtkecuzQaUEs.txt
bJsvXw7ZdiqjSK31.txt,j582b9ip0c6uFqhm3CwYng==,qFhuqV0j5SJ8wJrXg9vb2Cl9BEYYGLBT0hs86aQF46QggN9qeK1A5aVExf0JRvxg,D:\Fuzzy Keywords Search\Sever\bJsvXw7ZdiqjSK31.txt
8VRZbo5nHXBDkLIs.txt,jy5a8QPcyzstOhQ2vIHOoQ==,YU8EQiCLrMilc9V+XWn72syuVRHNZ76CKfM1Lg3+DL8ggN9qeK1A5aVExf0JRvxg,D:\Fuzzy Keywords Search\Sever\8VRZbo5nHXBDkLIs.txt
l0oEfTWtgQyMD7s3.txt,h62Io2IWGafKo+xyuqrSVw==,pqvoi646JJ5MhE/MCF2OVAZepyEZbFdZOZPE4eKmMCE=,D:\Fuzzy Keywords Search\Sever\l0oEfTWtgQyMD7s3.txt
f1KuZHYVAaydtDcn.txt,UclGdjndpcXsxmVApGoIeg==,HdqPjD/FdiJfGejfIZT3eGPBSxmEk/q2KE030XPhmECzTProabWPNoNNKOM9xHCC,D:\Fuzzy Keywords Search\Sever\f1KuZHYVAaydtDcn.txt
OGwC7xiWua4ZjJlH.txt,VNkaO7AZC4cgV6tuGgPkZA==,4e2ABaVsNaxIGwUwoOX0viQVGXNSTiSEw3ph4Bxh4i0=,D:\Fuzzy Keywords Search\Sever\OGwC7xiWua4ZjJlH.txt
5yuqezg9Z2E0NPo7.txt,RFpox/w1uM/hLKnnkYqKtQ==,4e2ABaVsNaxIGwUwoOX0vtgqH9lJaztKYyNB9GkOx82frNe/awKGqBXRzZUnTAwf,D:\Fuzzy Keywords Search\Sever\5yuqezg9Z2E0NPo7.txt
mBrW0IXG4wztRhjL.txt,l2O0+uDT+8zVY2Okjzm0aw==,4e2ABaVsNaxIGwUwoOX0vs5GeL5jFXnhnCK2O8r2Jb6frNe/awKGqBXRzZUnTAwf,D:\Fuzzy Keywords Search\Sever\mBrW0IXG4wztRhjL.txt
y2LoqY8KEsj3HDFS.txt,KABTOwylPveeeNRKprHrwQ==,1aN5TMussW2Hw3O5+og731Lj9Xrvlm4jnDWJWZLmTA9xffWL+dDv3CyX/RdY55Ev,D:\Fuzzy Keywords Search\Sever\y2LoqY8KEsj3HDFS.txt
OsA8d7XqZFrJhbKl.txt,zmK7N8mG1wMMgL6LzuNxxg==,+9IMoJxvZiVRFihLsMi0udbbW18gZ7YZoqVC4OHBLCMggN9qeK1A5aVExf0JRvxg,D:\Fuzzy Keywords Search\Sever\OsA8d7XqZFrJhbKl.txt
Xc8ygNatErFvBnJm.txt,yDCOaUscaUpgbiCHbGh1/g==,WdgKb/okjSSOOjEulMcDgrTZtxZeG9y7QZSyxhGvtxo=,D:\Fuzzy Keywords Search\Sever\Xc8ygNatErFvBnJm.txt
0tMHVBd5YDpjGcUF.txt,m2yb9x5BW5SNHBsH7SPbnA==,RWfFpUlTU5cYXULx6WvRndt0n6fOHXm88o9hvnI5rm0I6s2CGmDMliRc1fDrnDmK,D:\Fuzzy Keywords Search\Sever\0tMHVBd5YDpjGcUF.txt
8Xm0O5a2fvCLdxNI.txt,bZvkwbLeV0M7d452O1WDHw==,0GZO8j7ODU9ILbAS0f57xHN1lpuZJ19yvzCmLHwTeis=,D:\Fuzzy Keywords Search\Sever\8Xm0O5a2fvCLdxNI.txt
tASE1uz3Z5fLM6TJ.txt,apgh+hcpRdY1PRQvb/7frg==,Rf3A69uTRT0sQqSKMWA/e8mWNGqZchz/Ak7rm+Vtr8skMkQ5sNC8LyVp+Hxfdpke,D:\Fuzzy Keywords Search\Sever\tASE1uz3Z5fLM6TJ.txt
0Gb62QBJHrn1uINU.txt,T7IaKd7P8F5zTzGFBJHphA==,EoKBe+5P++3Ezq76SxJ1eWh3+HPmGxl+dMlPvWerlwk=,D:\Fuzzy Keywords Search\Sever\0Gb62QBJHrn1uINU.txt
9ZUsqeNWI6Jz04AK.txt,yPD5tQpfNZc1Z/u/ORHMhQ==,jI3YzhuBGlBeJE+hUq3GFxZVEpCzKd050LPCtsjGQs4=,D:\Fuzzy Keywords Search\Sever\9ZUsqeNWI6Jz04AK.txt
nTEQLAhkDu7fwcOy.txt,6j5vOD3s0Ke4yBG267yYSQ==,SqMu4TpHmu04SP7pkX1vBS7+6qOGAzFfxyd8B/xjfb4=,D:\Fuzzy Keywords Search\Sever\nTEQLAhkDu7fwcOy.txt
xThceGVtRLAq3QkU.txt,tXRVLurxjkl1mS3VbSltEg==,UTK7FtzhpwXFrTbtK8zEZJUvhaHbLvhTg/M9iLpNqKY=,D:\Fuzzy Keywords Search\Sever\xThceGVtRLAq3QkU.txt
941pcxMPQf8jlCYF.txt,KRMokvr/iJH8udUPXpBIDA==,1an+JRPqpmkdXC1nXfyxa7TZtxZeG9y7QZSyxhGvtxo=,D:\Fuzzy Keywords Search\Sever\941pcxMPQf8jlCYF.txt
WUzZtvDs6Sjc1IMX.txt,Sa7VJPZXLCND3pxvZjRh/A==,wy1m4kAWEjZY9iRrF7LJcGh3+HPmGxl+dMlPvWerlwk=,D:\Fuzzy Keywords Search\Sever\WUzZtvDs6Sjc1IMX.txt
ah423dVkXS7CNA6j.txt,iT9wjdS+7qgQVqLlmmQO7g==,Gr4MbxSWekE37cdRVvou72EM0JxNBzSBChcS0cC9XEw=,D:\Fuzzy Keywords Search\Sever\ah423dVkXS7CNA6j.txt
Sizoj9QFIDP1u4wv.txt,Eh0TnQG01ENaJ3UxUSsjqw==,8N137jsGt0LDDQVY402t3ubaMott5DqpcVnkKZ36+Tz9RhS19GelLgaPSgD416W+,D:\Fuzzy Keywords Search\Sever\Sizoj9QFIDP1u4wv.txt
aLAKzwEhH180PMo9.txt,8wZNKwpVLOMCyqEMDpivLQ==,09txmB2k8MEvFdPfA4z06jDPPKvUX5x8cWfPzj+af5l5QeMuwCAMg9Ho3Od2iGQe,D:\Fuzzy Keywords Search\Sever\aLAKzwEhH180PMo9.txt
iFURZWMwaEPnzqb3.txt,7X5U+tR1rBCVsncIji6ujA==,d10jO8v5fsJaSd2vwhf1l4r7d7zVyWxYUObxRXO/ugg=,D:\Fuzzy Keywords Search\Sever\iFURZWMwaEPnzqb3.txt
wgbStvJyXP6CRZnL.txt,ixANSGbwunlWQLf0RjPlqw==,d/DXuRKS2N+7aFwhhCWoKLTZtxZeG9y7QZSyxhGvtxo=,D:\Fuzzy Keywords Search\Sever\wgbStvJyXP6CRZnL.txt
vmnlPBQ7M2zXH93I.txt,iVXZomQ0oUtGFr9yZCHccw==,vZbMOWaWR4sWVJnwRAwf+sMH4lmg49Zj9xNm01pE8DoggN9qeK1A5aVExf0JRvxg,D:\Fuzzy Keywords Search\Sever\vmnlPBQ7M2zXH93I.txt
pGlRqjAthyb2c0OX.txt,3ZHQWTpptQipB+wXex15hw==,M5zYzLX9AFsf+fVA9vkpHm7ffHgjDKF+Mle9kEO9G2wggN9qeK1A5aVExf0JRvxg,D:\Fuzzy Keywords Search\Sever\pGlRqjAthyb2c0OX.txt
dH97bYgyBSf0w5Cu.txt,ulcvDJB/e5SuAXlSofHjKA==,FjiKTj1ys+qz6djdXOXxQa4ZVCZMBg3QF19y/TcQ8y6pPZCclQ6MKQGiVsO1CxH7,D:\Fuzzy Keywords Search\Sever\dH97bYgyBSf0w5Cu.txt
an3ZGo8HhzRBJNrg.txt,tBnJ9JSGFATlV5mBCYWalQ==,RkS4h9fSv6gHMBSObisseK4ZVCZMBg3QF19y/TcQ8y6pPZCclQ6MKQGiVsO1CxH7,D:\Fuzzy Keywords Search\Sever\an3ZGo8HhzRBJNrg.txt
vjoL7dfg4kPn93WF.txt,ppBtI7yllUmb11Zla3x/Dw==,sOZMgvtaaS7MRqA/IrA4P6Crj7aM1+Dc3NfP4Cm9FYw=,D:\Fuzzy Keywords Search\Sever\vjoL7dfg4kPn93WF.txt
P3Tx49USaoDA2QLp.txt,CYSvORfBpUE4Gk6PsA2XlA==,j3vAkbj/LTkfcC9LNEdp+fe8Oe5y/N1WevFrloTAhlE=,D:\Fuzzy Keywords Search\Sever\P3Tx49USaoDA2QLp.txt
sNbIUjLe90Qwl8Wg.txt,56b7oU9DbD2fB6mqwA0NKQ==,JqSIECQnUFeZgMwevICYDu+WjkfpVEla7T7VVLWokx0=,D:\Fuzzy Keywords Search\Sever\sNbIUjLe90Qwl8Wg.txt
XLnUNaJHWmh7TZMd.txt,BQDf1BpKH+IeAMrFw7Q57A==,2xDJeyyEudg+lVEw7A9IFMCLirGoJGvRoyM+pvaWde0=,D:\Fuzzy Keywords Search\Sever\XLnUNaJHWmh7TZMd.txt
xfmdW63UyDpcbBFa.txt,P476FVqm5Tqwvj+xE2/x/g==,OJmpcVl8HFcs5Hn/zHcvPLTZtxZeG9y7QZSyxhGvtxo=,D:\Fuzzy Keywords Search\Sever\xfmdW63UyDpcbBFa.txt
2KHQhaxI9PoRSt8e.txt,RyNdb4iWfTGgp5SiLTYIqQ==,I6Cz8ix+wMev7pUESnAMqsmJdbgXERVRJQvFE8XqS8L9RhS19GelLgaPSgD416W+,D:\Fuzzy Keywords Search\Sever\2KHQhaxI9PoRSt8e.txt
tPoeGV17qObWvKY4.txt,OSeyxjw8lkoFxsgc0ZqT1g==,I6Cz8ix+wMev7pUESnAMqujnFnkc2XkAn219yHALTwGfrNe/awKGqBXRzZUnTAwf,D:\Fuzzy Keywords Search\Sever\tPoeGV17qObWvKY4.txt
kKeYQ52tOqxzgWra.txt,JwcglsH0+1MquYvNOCRUkg==,CHJq7lOSE0ea9Q87qKlpwbUR0FRq14UwesndTErQHR48wPzPJW87eob4Bdo1M14/,D:\Fuzzy Keywords Search\Sever\kKeYQ52tOqxzgWra.txt
3AF1lEXZN2KrdYbo.txt,rCFyqracbqimQ6Uv2FEGQA==,nZVvRb8MD/1JtaN747/SkV9xncdiWiPrjsFcO019cDE=,D:\Fuzzy Keywords Search\Sever\3AF1lEXZN2KrdYbo.txt
ka8OBTxXHnDMZKp1.txt,q5jEg1eH3VJA2D47+8/umQ==,Blju4MQp4v43YuwiBXNBr7cHOqNe14DNHxPCMhyxpWA=,D:\Fuzzy Keywords Search\Sever\ka8OBTxXHnDMZKp1.txt
1CRpTKzJeY6HavW2.txt,yN4VGbrEZ3xJBLQiPYPbEQ==,15+YGySjKOt1LiUKQh13CmEM0JxNBzSBChcS0cC9XEw=,D:\Fuzzy Keywords Search\Sever\1CRpTKzJeY6HavW2.txt
Vh4kC3Wfo7jRanTQ.txt,4dfS0Uaf/GrpPNKkey4fOg==,QkS22L8AfFX7xQ/3A9LCkmOUw/2bdFx4lBsw6XAp3uWfrNe/awKGqBXRzZUnTAwf,D:\Fuzzy Keywords Search\Sever\Vh4kC3Wfo7jRanTQ.txt
QO6ySF8b3MiAV5Bp.txt,6Wbf1MsGpM2GwrrPtJ4wYw==,CDdkDE6/Zth1tpw+rC1z6GEM0JxNBzSBChcS0cC9XEw=,D:\Fuzzy Keywords Search\Sever\QO6ySF8b3MiAV5Bp.txt
VQCEymhZtS0nLj9s.txt,rKnoV6jwjUdq2XFGATJqQQ==,oIZo29H81Lt+J3DVzRh4PMdwr/wpmOut6K23RwbOvGkggN9qeK1A5aVExf0JRvxg,D:\Fuzzy Keywords Search\Sever\VQCEymhZtS0nLj9s.txt
Fn729GOaKBsdmq0U.txt,AlwyXtHd+ak9H4Mur+/hDQ==,XblPbLrQblRua11jI4bW+C7mxW2gAMiYE/2UKCMjIiQ=,D:\Fuzzy Keywords Search\Sever\Fn729GOaKBsdmq0U.txt
HV6pREkcgt7vuGnF.txt,LZ9Jb8epPjbuhtC9I8CtpQ==,7+xBQehIeQ9tm/5txT67BIpyC8O2zKiWlUPvZJax0Kg=,D:\Fuzzy Keywords Search\Sever\HV6pREkcgt7vuGnF.txt
1fl5xXYvV2HrPB07.txt,hfY4rD2qpwkJPVpDKOHrGQ==,9qLMcAOT5MbMZMWMfWQuBHE3HYV1xTE3TFDCgxA0F+k=,D:\Fuzzy Keywords Search\Sever\1fl5xXYvV2HrPB07.txt
TZopJt2lLG5uHDIk.txt,tzHKxsuvtbBIhr9BFFFYnw==,pIf8zOEx16s0CXA1XDFiHa2iEvtDpFx27uRvGllN8/sggN9qeK1A5aVExf0JRvxg,D:\Fuzzy Keywords Search\Sever\TZopJt2lLG5uHDIk.txt
oKBASJYayEfDP8Cm.txt,Mm4kI+Noxt13YHHpIA/n6w==,0Fzs6WJurQBKbUWNfEo/Viv6FJk0gxVWGQQ1vpxKC08=,D:\Fuzzy Keywords Search\Sever\oKBASJYayEfDP8Cm.txt
idO9FLMmwc3JE5p0.txt,IdeIwqTeyA/aPyLGXGy2DQ==,3OQqOE7mi/ePMfYPI7pttLTZtxZeG9y7QZSyxhGvtxo=,D:\Fuzzy Keywords Search\Sever\idO9FLMmwc3JE5p0.txt
3JSqstGICZedpvju.txt,tTrGBLdfQSxo3aXNW56LlA==,+RXFlnA/Mn51wZGxjohyQF34VJ58b7hdalTGUZv8EuA=,D:\Fuzzy Keywords Search\Sever\3JSqstGICZedpvju.txt
DNS35GCXOgVP1tFY.txt,koJz74T//KXNl743mWaYhw==,o8qHsqaeTEVa1OAemjG5/mQRrur4ladFxDuRzBZiB2s=,D:\Fuzzy Keywords Search\Sever\DNS35GCXOgVP1tFY.txt
xtoUJVhZP6pHO7N3.txt,w1FZIbEiWyvZZZvHBfjbfg==,tRy0/GP0ZyofZwAn7nKOyVzVnjo3htV1sTn6ET7Cg7fMzas2VBfQeJ37hp8NFu5D,D:\Fuzzy Keywords Search\Sever\xtoUJVhZP6pHO7N3.txt
S2kvhqmCFbEgPyJi.txt,AHQDcbT5IdRha1RWAyx3SQ==,4rDrqJIjC5D80i/VrXoamqCrj7aM1+Dc3NfP4Cm9FYw=,D:\Fuzzy Keywords Search\Sever\S2kvhqmCFbEgPyJi.txt
c4ktlUH31CAZhfbp.txt,kzxplFMW9P72zsSZFkretg==,IhViNvIJXVses4QBJ6V4TRtV5KMjyYJTqnTeTF30wzkggN9qeK1A5aVExf0JRvxg,D:\Fuzzy Keywords Search\Sever\c4ktlUH31CAZhfbp.txt
vJLiu0rZlwQq4pfn.txt,jo8PCLrRLDTWIKDCLkhi3w==,hn0eOukQHYGSpjTbpnp7z2U3Z6WX07NnRhlwXi+bMH0ggN9qeK1A5aVExf0JRvxg,D:\Fuzzy Keywords Search\Sever\vJLiu0rZlwQq4pfn.txt
